batch,kernel_time,flops,utils,kernel_name
1,23.46,1.43,0.00458,ampere_bf16_s16816gemm_bf16_64x64_sliced1x2_ldg8_f2f_stages_64x5_nn
2,23.05,2.91,0.00933,ampere_bf16_s16816gemm_bf16_64x64_sliced1x2_ldg8_f2f_stages_64x6_nn
4,23.14,5.8,0.01859,ampere_bf16_s16816gemm_bf16_64x64_sliced1x2_ldg8_f2f_stages_64x6_nn
6,23.57,8.54,0.02737,ampere_bf16_s16816gemm_bf16_64x64_sliced1x2_ldg8_f2f_stages_64x6_nn
8,23.72,11.32,0.03628,ampere_bf16_s16816gemm_bf16_64x64_sliced1x2_ldg8_f2f_stages_64x6_nn
10,23.62,14.21,0.04554,ampere_bf16_s16816gemm_bf16_64x64_sliced1x2_ldg8_f2f_stages_64x6_nn
12,23.53,17.11,0.05484,ampere_bf16_s16816gemm_bf16_64x64_sliced1x2_ldg8_f2f_stages_64x6_nn
14,23.72,19.8,0.06346,ampere_bf16_s16816gemm_bf16_64x64_sliced1x2_ldg8_f2f_stages_64x6_nn
16,24.01,22.36,0.07167,ampere_bf16_s16816gemm_bf16_64x64_ldg8_f2f_stages_64x5_nn
20,23.68,28.34,0.09083,ampere_bf16_s16816gemm_bf16_64x64_sliced1x2_ldg8_f2f_stages_64x6_nn
24,23.66,34.04,0.1091,ampere_bf16_s16816gemm_bf16_64x64_sliced1x2_ldg8_f2f_stages_64x6_nn
28,23.65,39.73,0.12734,ampere_bf16_s16816gemm_bf16_64x64_sliced1x2_ldg8_f2f_stages_64x6_nn
32,23.93,44.87,0.14381,ampere_bf16_s16816gemm_bf16_64x64_sliced1x2_ldg8_f2f_stages_64x6_nn
36,23.77,50.82,0.16288,ampere_bf16_s16816gemm_bf16_64x64_sliced1x2_ldg8_f2f_stages_64x6_nn
40,24.0,55.92,0.17923,ampere_bf16_s16816gemm_bf16_64x64_sliced1x2_ldg8_f2f_stages_64x6_nn
44,24.1,61.26,0.19635,ampere_bf16_s16816gemm_bf16_64x64_sliced1x2_ldg8_f2f_stages_64x6_nn
48,24.12,66.77,0.21401,ampere_bf16_s16816gemm_bf16_64x64_sliced1x2_ldg8_f2f_stages_64x6_nn
52,24.25,71.95,0.23061,ampere_bf16_s16816gemm_bf16_64x64_sliced1x2_ldg8_f2f_stages_64x6_nn
56,24.47,76.79,0.24612,ampere_bf16_s16816gemm_bf16_64x64_sliced1x2_ldg8_f2f_stages_64x6_nn
60,24.47,82.27,0.26369,ampere_bf16_s16816gemm_bf16_64x64_sliced1x2_ldg8_f2f_stages_64x6_nn
64,24.63,87.19,0.27946,ampere_bf16_s16816gemm_bf16_64x64_sliced1x2_ldg8_f2f_stages_64x6_nn
68,27.55,82.82,0.26545,ampere_bf16_s16816gemm_bf16_128x128_ldg8_f2f_stages_64x3_nn
72,27.69,87.25,0.27965,ampere_bf16_s16816gemm_bf16_128x128_ldg8_f2f_stages_64x3_nn
76,27.83,91.63,0.29369,ampere_bf16_s16816gemm_bf16_128x128_ldg8_f2f_stages_64x3_nn
80,27.94,96.08,0.30795,ampere_bf16_s16816gemm_bf16_128x128_ldg8_f2f_stages_64x3_nn
84,28.1,100.31,0.32151,ampere_bf16_s16816gemm_bf16_128x128_ldg8_f2f_stages_64x3_nn
88,28.24,104.56,0.33513,ampere_bf16_s16816gemm_bf16_128x128_ldg8_f2f_stages_64x3_nn
92,28.42,108.62,0.34814,ampere_bf16_s16816gemm_bf16_128x128_ldg8_f2f_stages_64x3_nn
96,28.61,112.59,0.36087,ampere_bf16_s16816gemm_bf16_128x128_ldg8_f2f_stages_64x3_nn
100,28.68,117.0,0.375,ampere_bf16_s16816gemm_bf16_128x128_ldg8_f2f_stages_64x3_nn
104,28.67,121.72,0.39013,ampere_bf16_s16816gemm_bf16_128x128_ldg8_f2f_stages_64x3_nn
108,28.94,125.22,0.40135,ampere_bf16_s16816gemm_bf16_128x128_ldg8_f2f_stages_64x3_nn
112,28.95,129.81,0.41606,ampere_bf16_s16816gemm_bf16_128x128_ldg8_f2f_stages_64x3_nn
116,29.12,133.66,0.4284,ampere_bf16_s16816gemm_bf16_128x128_ldg8_f2f_stages_64x3_nn
120,29.36,137.14,0.43955,ampere_bf16_s16816gemm_bf16_128x128_ldg8_f2f_stages_64x3_nn
124,29.41,141.47,0.45343,ampere_bf16_s16816gemm_bf16_128x128_ldg8_f2f_stages_64x3_nn
128,29.6,145.1,0.46506,ampere_bf16_s16816gemm_bf16_128x128_ldg8_f2f_stages_64x3_nn
132,36.86,120.16,0.38513,ampere_bf16_s16816gemm_bf16_128x64_ldg8_f2f_stages_64x4_nn
136,37.21,122.64,0.39308,ampere_bf16_s16816gemm_bf16_128x64_ldg8_f2f_stages_64x4_nn
140,37.39,125.64,0.40269,ampere_bf16_s16816gemm_bf16_128x64_ldg8_f2f_stages_64x4_nn
144,37.39,129.23,0.4142,ampere_bf16_s16816gemm_bf16_128x64_ldg8_f2f_stages_64x4_nn
148,37.64,131.94,0.42288,ampere_bf16_s16816gemm_bf16_128x64_ldg8_f2f_stages_64x4_nn
152,37.55,135.83,0.43535,ampere_bf16_s16816gemm_bf16_128x64_ldg8_f2f_stages_64x4_nn
156,37.64,139.07,0.44574,ampere_bf16_s16816gemm_bf16_128x64_ldg8_f2f_stages_64x4_nn
160,37.48,143.24,0.4591,ampere_bf16_s16816gemm_bf16_128x64_ldg8_f2f_stages_64x4_nn
164,37.91,145.16,0.46526,ampere_bf16_s16816gemm_bf16_128x64_ldg8_f2f_stages_64x4_nn
168,38.2,147.57,0.47298,ampere_bf16_s16816gemm_bf16_128x64_ldg8_f2f_stages_64x4_nn
172,38.4,150.3,0.48173,ampere_bf16_s16816gemm_bf16_128x64_ldg8_f2f_stages_64x4_nn
176,38.51,153.35,0.49151,ampere_bf16_s16816gemm_bf16_128x64_ldg8_f2f_stages_64x4_nn
180,38.85,155.46,0.49827,ampere_bf16_s16816gemm_bf16_128x64_ldg8_f2f_stages_64x4_nn
184,39.23,157.38,0.50442,ampere_bf16_s16816gemm_bf16_128x64_ldg8_f2f_stages_64x4_nn
188,39.34,160.35,0.51394,ampere_bf16_s16816gemm_bf16_128x64_ldg8_f2f_stages_64x4_nn
192,39.51,163.06,0.52263,ampere_bf16_s16816gemm_bf16_128x64_ldg8_f2f_stages_64x4_nn
196,55.38,118.76,0.38064,ampere_bf16_s16816gemm_bf16_128x128_ldg8_f2f_stages_64x3_nn
200,55.35,121.24,0.38859,ampere_bf16_s16816gemm_bf16_128x128_ldg8_f2f_stages_64x3_nn
204,55.36,123.65,0.39631,ampere_bf16_s16816gemm_bf16_128x128_ldg8_f2f_stages_64x3_nn
208,55.32,126.16,0.40436,ampere_bf16_s16816gemm_bf16_128x128_ldg8_f2f_stages_64x3_nn
212,55.44,128.31,0.41125,ampere_bf16_s16816gemm_bf16_128x128_ldg8_f2f_stages_64x3_nn
216,55.37,130.9,0.41955,ampere_bf16_s16816gemm_bf16_128x128_ldg8_f2f_stages_64x3_nn
220,55.37,133.32,0.42731,ampere_bf16_s16816gemm_bf16_128x128_ldg8_f2f_stages_64x3_nn
224,55.39,135.7,0.43494,ampere_bf16_s16816gemm_bf16_128x128_ldg8_f2f_stages_64x3_nn
228,55.39,138.12,0.44269,ampere_bf16_s16816gemm_bf16_128x128_ldg8_f2f_stages_64x3_nn
232,55.4,140.52,0.45038,ampere_bf16_s16816gemm_bf16_128x128_ldg8_f2f_stages_64x3_nn
236,55.48,142.73,0.45747,ampere_bf16_s16816gemm_bf16_128x128_ldg8_f2f_stages_64x3_nn
240,55.43,145.28,0.46564,ampere_bf16_s16816gemm_bf16_128x128_ldg8_f2f_stages_64x3_nn
244,55.54,147.41,0.47247,ampere_bf16_s16816gemm_bf16_128x128_ldg8_f2f_stages_64x3_nn
248,55.63,149.59,0.47946,ampere_bf16_s16816gemm_bf16_128x128_ldg8_f2f_stages_64x3_nn
252,55.44,152.52,0.48885,ampere_bf16_s16816gemm_bf16_128x128_ldg8_f2f_stages_64x3_nn
256,55.44,154.94,0.4966,ampere_bf16_s16816gemm_bf16_128x128_ldg8_f2f_stages_64x3_nn
260,55.82,156.29,0.50093,ampere_bf16_s16816gemm_bf16_128x128_ldg8_f2f_stages_64x3_nn
264,55.83,158.67,0.50856,ampere_bf16_s16816gemm_bf16_128x128_ldg8_f2f_stages_64x3_nn
268,55.78,161.22,0.51673,ampere_bf16_s16816gemm_bf16_128x128_ldg8_f2f_stages_64x3_nn
272,55.89,163.3,0.5234,ampere_bf16_s16816gemm_bf16_128x128_ldg8_f2f_stages_64x3_nn
276,55.88,165.73,0.53119,ampere_bf16_s16816gemm_bf16_128x128_ldg8_f2f_stages_64x3_nn
280,55.85,168.22,0.53917,ampere_bf16_s16816gemm_bf16_128x128_ldg8_f2f_stages_64x3_nn
284,55.87,170.56,0.54667,ampere_bf16_s16816gemm_bf16_128x128_ldg8_f2f_stages_64x3_nn
288,56.26,171.77,0.55054,ampere_bf16_s16816gemm_bf16_128x128_ldg8_f2f_stages_64x3_nn
292,55.99,174.99,0.56087,ampere_bf16_s16816gemm_bf16_128x128_ldg8_f2f_stages_64x3_nn
296,56.35,176.26,0.56494,ampere_bf16_s16816gemm_bf16_128x128_ldg8_f2f_stages_64x3_nn
300,56.25,178.96,0.57359,ampere_bf16_s16816gemm_bf16_128x128_ldg8_f2f_stages_64x3_nn
304,56.37,180.96,0.58,ampere_bf16_s16816gemm_bf16_128x128_ldg8_f2f_stages_64x3_nn
308,56.37,183.34,0.58763,ampere_bf16_s16816gemm_bf16_128x128_ldg8_f2f_stages_64x3_nn
312,56.46,185.42,0.59429,ampere_bf16_s16816gemm_bf16_128x128_ldg8_f2f_stages_64x3_nn
316,56.45,187.83,0.60202,ampere_bf16_s16816gemm_bf16_128x128_ldg8_f2f_stages_64x3_nn
320,56.54,189.91,0.60869,ampere_bf16_s16816gemm_bf16_128x128_ldg8_f2f_stages_64x3_nn
324,56.53,192.32,0.61641,ampere_bf16_s16816gemm_bf16_128x128_ldg8_f2f_stages_64x3_nn
328,56.51,194.76,0.62423,ampere_bf16_s16816gemm_bf16_128x128_ldg8_f2f_stages_64x3_nn
332,56.65,196.65,0.63029,ampere_bf16_s16816gemm_bf16_128x128_ldg8_f2f_stages_64x3_nn
336,56.76,198.63,0.63663,ampere_bf16_s16816gemm_bf16_128x128_ldg8_f2f_stages_64x3_nn
340,56.79,200.89,0.64388,ampere_bf16_s16816gemm_bf16_128x128_ldg8_f2f_stages_64x3_nn
344,56.81,203.18,0.65122,ampere_bf16_s16816gemm_bf16_128x128_ldg8_f2f_stages_64x3_nn
348,56.83,205.47,0.65856,ampere_bf16_s16816gemm_bf16_128x128_ldg8_f2f_stages_64x3_nn
352,56.92,207.5,0.66506,ampere_bf16_s16816gemm_bf16_128x128_ldg8_f2f_stages_64x3_nn
356,56.78,210.38,0.67429,ampere_bf16_s16816gemm_bf16_128x128_ldg8_f2f_stages_64x3_nn
360,57.19,211.22,0.67699,ampere_bf16_s16816gemm_bf16_128x128_ldg8_f2f_stages_64x3_nn
364,57.14,213.75,0.6851,ampere_bf16_s16816gemm_bf16_128x128_ldg8_f2f_stages_64x3_nn
368,57.26,215.65,0.69119,ampere_bf16_s16816gemm_bf16_128x128_ldg8_f2f_stages_64x3_nn
372,57.36,217.61,0.69747,ampere_bf16_s16816gemm_bf16_128x128_ldg8_f2f_stages_64x3_nn
376,57.35,219.99,0.7051,ampere_bf16_s16816gemm_bf16_128x128_ldg8_f2f_stages_64x3_nn
380,56.69,224.92,0.7209,ampere_bf16_s16816gemm_bf16_128x128_ldg8_f2f_stages_64x3_nn
384,57.6,223.7,0.71699,ampere_bf16_s16816gemm_bf16_128x128_ldg8_f2f_stages_64x3_nn
388,87.69,148.47,0.47587,ampere_bf16_s16816gemm_bf16_256x128_ldg8_f2f_stages_64x3_nn
392,87.83,149.76,0.48,ampere_bf16_s16816gemm_bf16_256x128_ldg8_f2f_stages_64x3_nn
396,87.69,151.53,0.48567,ampere_bf16_s16816gemm_bf16_256x128_ldg8_f2f_stages_64x3_nn
400,87.74,152.97,0.49029,ampere_bf16_s16816gemm_bf16_256x128_ldg8_f2f_stages_64x3_nn
404,87.67,154.63,0.49561,ampere_bf16_s16816gemm_bf16_256x128_ldg8_f2f_stages_64x3_nn
408,87.92,155.71,0.49907,ampere_bf16_s16816gemm_bf16_256x128_ldg8_f2f_stages_64x3_nn
412,87.68,157.67,0.50535,ampere_bf16_s16816gemm_bf16_256x128_ldg8_f2f_stages_64x3_nn
416,87.57,159.4,0.5109,ampere_bf16_s16816gemm_bf16_256x128_ldg8_f2f_stages_64x3_nn
420,87.77,160.57,0.51465,ampere_bf16_s16816gemm_bf16_256x128_ldg8_f2f_stages_64x3_nn
424,87.81,162.02,0.51929,ampere_bf16_s16816gemm_bf16_256x128_ldg8_f2f_stages_64x3_nn
428,88.01,163.18,0.52301,ampere_bf16_s16816gemm_bf16_256x128_ldg8_f2f_stages_64x3_nn
432,87.61,165.46,0.53032,ampere_bf16_s16816gemm_bf16_256x128_ldg8_f2f_stages_64x3_nn
436,87.9,166.44,0.53346,ampere_bf16_s16816gemm_bf16_256x128_ldg8_f2f_stages_64x3_nn
440,87.67,168.4,0.53974,ampere_bf16_s16816gemm_bf16_256x128_ldg8_f2f_stages_64x3_nn
444,87.81,169.66,0.54378,ampere_bf16_s16816gemm_bf16_256x128_ldg8_f2f_stages_64x3_nn
448,88.04,170.74,0.54724,ampere_bf16_s16816gemm_bf16_256x128_ldg8_f2f_stages_64x3_nn
452,87.83,172.68,0.55346,ampere_bf16_s16816gemm_bf16_256x128_ldg8_f2f_stages_64x3_nn
456,87.83,174.21,0.55837,ampere_bf16_s16816gemm_bf16_256x128_ldg8_f2f_stages_64x3_nn
460,88.26,174.88,0.56051,ampere_bf16_s16816gemm_bf16_256x128_ldg8_f2f_stages_64x3_nn
464,88.17,176.58,0.56596,ampere_bf16_s16816gemm_bf16_256x128_ldg8_f2f_stages_64x3_nn
468,88.12,178.21,0.57119,ampere_bf16_s16816gemm_bf16_256x128_ldg8_f2f_stages_64x3_nn
472,88.49,178.98,0.57365,ampere_bf16_s16816gemm_bf16_256x128_ldg8_f2f_stages_64x3_nn
476,88.27,180.94,0.57994,ampere_bf16_s16816gemm_bf16_256x128_ldg8_f2f_stages_64x3_nn
480,88.26,182.49,0.5849,ampere_bf16_s16816gemm_bf16_256x128_ldg8_f2f_stages_64x3_nn
484,88.27,183.98,0.58968,ampere_bf16_s16816gemm_bf16_256x128_ldg8_f2f_stages_64x3_nn
488,88.51,185.0,0.59295,ampere_bf16_s16816gemm_bf16_256x128_ldg8_f2f_stages_64x3_nn
492,88.5,186.54,0.59788,ampere_bf16_s16816gemm_bf16_256x128_ldg8_f2f_stages_64x3_nn
496,88.72,187.59,0.60125,ampere_bf16_s16816gemm_bf16_256x128_ldg8_f2f_stages_64x3_nn
500,88.29,190.02,0.60904,ampere_bf16_s16816gemm_bf16_256x128_ldg8_f2f_stages_64x3_nn
504,88.55,190.98,0.61212,ampere_bf16_s16816gemm_bf16_256x128_ldg8_f2f_stages_64x3_nn
508,88.85,191.85,0.6149,ampere_bf16_s16816gemm_bf16_256x128_ldg8_f2f_stages_64x3_nn
512,88.5,194.12,0.62218,ampere_bf16_s16816gemm_bf16_256x128_ldg8_f2f_stages_64x3_nn
516,103.64,167.06,0.53545,ampere_bf16_s16816gemm_bf16_256x128_ldg8_f2f_stages_64x3_nn
520,103.67,168.31,0.53946,ampere_bf16_s16816gemm_bf16_256x128_ldg8_f2f_stages_64x3_nn
524,103.74,169.49,0.54324,ampere_bf16_s16816gemm_bf16_256x128_ldg8_f2f_stages_64x3_nn
528,103.77,170.73,0.54721,ampere_bf16_s16816gemm_bf16_256x128_ldg8_f2f_stages_64x3_nn
532,103.75,172.06,0.55147,ampere_bf16_s16816gemm_bf16_256x128_ldg8_f2f_stages_64x3_nn
536,103.76,173.33,0.55554,ampere_bf16_s16816gemm_bf16_256x128_ldg8_f2f_stages_64x3_nn
540,103.86,174.46,0.55917,ampere_bf16_s16816gemm_bf16_256x128_ldg8_f2f_stages_64x3_nn
544,103.79,175.87,0.56369,ampere_bf16_s16816gemm_bf16_256x128_ldg8_f2f_stages_64x3_nn
548,103.8,177.15,0.56779,ampere_bf16_s16816gemm_bf16_256x128_ldg8_f2f_stages_64x3_nn
552,103.82,178.41,0.57183,ampere_bf16_s16816gemm_bf16_256x128_ldg8_f2f_stages_64x3_nn
556,103.72,179.87,0.57651,ampere_bf16_s16816gemm_bf16_256x128_ldg8_f2f_stages_64x3_nn
560,103.88,180.89,0.57978,ampere_bf16_s16816gemm_bf16_256x128_ldg8_f2f_stages_64x3_nn
564,103.83,182.27,0.5842,ampere_bf16_s16816gemm_bf16_256x128_ldg8_f2f_stages_64x3_nn
568,103.89,183.45,0.58798,ampere_bf16_s16816gemm_bf16_256x128_ldg8_f2f_stages_64x3_nn
572,103.93,184.67,0.59189,ampere_bf16_s16816gemm_bf16_256x128_ldg8_f2f_stages_64x3_nn
576,103.84,186.13,0.59657,ampere_bf16_s16816gemm_bf16_256x128_ldg8_f2f_stages_64x3_nn
580,103.91,187.29,0.60029,ampere_bf16_s16816gemm_bf16_256x128_ldg8_f2f_stages_64x3_nn
584,103.97,188.48,0.6041,ampere_bf16_s16816gemm_bf16_256x128_ldg8_f2f_stages_64x3_nn
588,103.93,189.84,0.60846,ampere_bf16_s16816gemm_bf16_256x128_ldg8_f2f_stages_64x3_nn
592,103.93,191.13,0.6126,ampere_bf16_s16816gemm_bf16_256x128_ldg8_f2f_stages_64x3_nn
596,103.98,192.33,0.61644,ampere_bf16_s16816gemm_bf16_256x128_ldg8_f2f_stages_64x3_nn
600,103.96,193.66,0.62071,ampere_bf16_s16816gemm_bf16_256x128_ldg8_f2f_stages_64x3_nn
604,103.98,194.91,0.62471,ampere_bf16_s16816gemm_bf16_256x128_ldg8_f2f_stages_64x3_nn
608,104.11,195.96,0.62808,ampere_bf16_s16816gemm_bf16_256x128_ldg8_f2f_stages_64x3_nn
612,104.02,197.42,0.63276,ampere_bf16_s16816gemm_bf16_256x128_ldg8_f2f_stages_64x3_nn
616,103.91,198.92,0.63756,ampere_bf16_s16816gemm_bf16_256x128_ldg8_f2f_stages_64x3_nn
620,103.86,200.31,0.64202,ampere_bf16_s16816gemm_bf16_256x128_ldg8_f2f_stages_64x3_nn
624,104.01,201.31,0.64522,ampere_bf16_s16816gemm_bf16_256x128_ldg8_f2f_stages_64x3_nn
628,103.9,202.81,0.65003,ampere_bf16_s16816gemm_bf16_256x128_ldg8_f2f_stages_64x3_nn
632,103.92,204.06,0.65404,ampere_bf16_s16816gemm_bf16_256x128_ldg8_f2f_stages_64x3_nn
636,103.99,205.22,0.65776,ampere_bf16_s16816gemm_bf16_256x128_ldg8_f2f_stages_64x3_nn
640,103.86,206.77,0.66272,ampere_bf16_s16816gemm_bf16_256x128_ldg8_f2f_stages_64x3_nn
644,104.94,205.92,0.66,ampere_bf16_s16816gemm_bf16_256x128_ldg8_f2f_stages_64x3_nn
648,104.84,207.39,0.66471,ampere_bf16_s16816gemm_bf16_256x128_ldg8_f2f_stages_64x3_nn
652,105.01,208.34,0.66776,ampere_bf16_s16816gemm_bf16_256x128_ldg8_f2f_stages_64x3_nn
656,104.9,209.84,0.67256,ampere_bf16_s16816gemm_bf16_256x128_ldg8_f2f_stages_64x3_nn
660,104.88,211.15,0.67676,ampere_bf16_s16816gemm_bf16_256x128_ldg8_f2f_stages_64x3_nn
664,104.97,212.25,0.68029,ampere_bf16_s16816gemm_bf16_256x128_ldg8_f2f_stages_64x3_nn
668,105.05,213.37,0.68388,ampere_bf16_s16816gemm_bf16_256x128_ldg8_f2f_stages_64x3_nn
672,105.15,214.44,0.68731,ampere_bf16_s16816gemm_bf16_256x128_ldg8_f2f_stages_64x3_nn
676,105.13,215.76,0.69154,ampere_bf16_s16816gemm_bf16_256x128_ldg8_f2f_stages_64x3_nn
680,105.13,217.04,0.69564,ampere_bf16_s16816gemm_bf16_256x128_ldg8_f2f_stages_64x3_nn
684,104.98,218.62,0.70071,ampere_bf16_s16816gemm_bf16_256x128_ldg8_f2f_stages_64x3_nn
688,105.09,219.67,0.70407,ampere_bf16_s16816gemm_bf16_256x128_ldg8_f2f_stages_64x3_nn
692,105.35,220.41,0.70644,ampere_bf16_s16816gemm_bf16_256x128_ldg8_f2f_stages_64x3_nn
696,104.94,222.55,0.7133,ampere_bf16_s16816gemm_bf16_256x128_ldg8_f2f_stages_64x3_nn
700,105.24,223.19,0.71535,ampere_bf16_s16816gemm_bf16_256x128_ldg8_f2f_stages_64x3_nn
704,105.57,223.76,0.71718,ampere_bf16_s16816gemm_bf16_256x128_ldg8_f2f_stages_64x3_nn
708,105.24,225.74,0.72353,ampere_bf16_s16816gemm_bf16_256x128_ldg8_f2f_stages_64x3_nn
712,105.19,227.12,0.72795,ampere_bf16_s16816gemm_bf16_256x128_ldg8_f2f_stages_64x3_nn
716,105.28,228.2,0.73141,ampere_bf16_s16816gemm_bf16_256x128_ldg8_f2f_stages_64x3_nn
720,105.69,228.59,0.73266,ampere_bf16_s16816gemm_bf16_256x128_ldg8_f2f_stages_64x3_nn
724,105.4,230.49,0.73875,ampere_bf16_s16816gemm_bf16_256x128_ldg8_f2f_stages_64x3_nn
728,105.06,232.51,0.74522,ampere_bf16_s16816gemm_bf16_256x128_ldg8_f2f_stages_64x3_nn
732,105.65,232.48,0.74513,ampere_bf16_s16816gemm_bf16_256x128_ldg8_f2f_stages_64x3_nn
736,105.6,233.86,0.74955,ampere_bf16_s16816gemm_bf16_256x128_ldg8_f2f_stages_64x3_nn
740,105.92,234.42,0.75135,ampere_bf16_s16816gemm_bf16_256x128_ldg8_f2f_stages_64x3_nn
744,105.89,235.76,0.75564,ampere_bf16_s16816gemm_bf16_256x128_ldg8_f2f_stages_64x3_nn
748,105.33,238.29,0.76375,ampere_bf16_s16816gemm_bf16_256x128_ldg8_f2f_stages_64x3_nn
752,105.61,238.93,0.7658,ampere_bf16_s16816gemm_bf16_256x128_ldg8_f2f_stages_64x3_nn
756,105.94,239.45,0.76747,ampere_bf16_s16816gemm_bf16_256x128_ldg8_f2f_stages_64x3_nn
760,105.63,241.42,0.77378,ampere_bf16_s16816gemm_bf16_256x128_ldg8_f2f_stages_64x3_nn
764,106.01,241.82,0.77506,ampere_bf16_s16816gemm_bf16_256x128_ldg8_f2f_stages_64x3_nn
768,106.14,242.79,0.77817,ampere_bf16_s16816gemm_bf16_256x128_ldg8_f2f_stages_64x3_nn
772,206.98,125.15,0.40112,ampere_bf16_s16816gemm_bf16_256x128_ldg8_f2f_stages_64x3_nn
776,207.55,125.46,0.40212,ampere_bf16_s16816gemm_bf16_256x128_ldg8_f2f_stages_64x3_nn
780,207.9,125.89,0.40349,ampere_bf16_s16816gemm_bf16_256x128_ldg8_f2f_stages_64x3_nn
784,207.67,126.68,0.40603,ampere_bf16_s16816gemm_bf16_256x128_ldg8_f2f_stages_64x3_nn
788,207.61,127.36,0.40821,ampere_bf16_s16816gemm_bf16_256x128_ldg8_f2f_stages_64x3_nn
792,207.66,127.97,0.41016,ampere_bf16_s16816gemm_bf16_256x128_ldg8_f2f_stages_64x3_nn
796,208.09,128.35,0.41138,ampere_bf16_s16816gemm_bf16_256x128_ldg8_f2f_stages_64x3_nn
800,207.75,129.21,0.41413,ampere_bf16_s16816gemm_bf16_256x128_ldg8_f2f_stages_64x3_nn
804,208.08,129.65,0.41554,ampere_bf16_s16816gemm_bf16_256x128_ldg8_f2f_stages_64x3_nn
808,208.08,130.3,0.41763,ampere_bf16_s16816gemm_bf16_256x128_ldg8_f2f_stages_64x3_nn
812,207.95,131.02,0.41994,ampere_bf16_s16816gemm_bf16_256x128_ldg8_f2f_stages_64x3_nn
816,207.76,131.79,0.4224,ampere_bf16_s16816gemm_bf16_256x128_ldg8_f2f_stages_64x3_nn
820,208.45,132.0,0.42308,ampere_bf16_s16816gemm_bf16_256x128_ldg8_f2f_stages_64x3_nn
824,208.53,132.59,0.42497,ampere_bf16_s16816gemm_bf16_256x128_ldg8_f2f_stages_64x3_nn
828,208.59,133.19,0.42689,ampere_bf16_s16816gemm_bf16_256x128_ldg8_f2f_stages_64x3_nn
832,208.58,133.84,0.42897,ampere_bf16_s16816gemm_bf16_256x128_ldg8_f2f_stages_64x3_nn
836,208.0,134.86,0.43224,ampere_bf16_s16816gemm_bf16_256x128_ldg8_f2f_stages_64x3_nn
840,208.74,135.03,0.43279,ampere_bf16_s16816gemm_bf16_256x128_ldg8_f2f_stages_64x3_nn
844,208.45,135.86,0.43545,ampere_bf16_s16816gemm_bf16_256x128_ldg8_f2f_stages_64x3_nn
848,208.8,136.27,0.43676,ampere_bf16_s16816gemm_bf16_256x128_ldg8_f2f_stages_64x3_nn
852,208.82,136.9,0.43878,ampere_bf16_s16816gemm_bf16_256x128_ldg8_f2f_stages_64x3_nn
856,208.93,137.47,0.44061,ampere_bf16_s16816gemm_bf16_256x128_ldg8_f2f_stages_64x3_nn
860,208.99,138.08,0.44256,ampere_bf16_s16816gemm_bf16_256x128_ldg8_f2f_stages_64x3_nn
864,208.96,138.74,0.44468,ampere_bf16_s16816gemm_bf16_256x128_ldg8_f2f_stages_64x3_nn
868,208.95,139.39,0.44676,ampere_bf16_s16816gemm_bf16_256x128_ldg8_f2f_stages_64x3_nn
872,209.15,139.9,0.4484,ampere_bf16_s16816gemm_bf16_256x128_ldg8_f2f_stages_64x3_nn
876,208.68,140.86,0.45147,ampere_bf16_s16816gemm_bf16_256x128_ldg8_f2f_stages_64x3_nn
880,209.06,141.24,0.45269,ampere_bf16_s16816gemm_bf16_256x128_ldg8_f2f_stages_64x3_nn
884,209.16,141.82,0.45455,ampere_bf16_s16816gemm_bf16_256x128_ldg8_f2f_stages_64x3_nn
888,208.88,142.65,0.45721,ampere_bf16_s16816gemm_bf16_256x128_ldg8_f2f_stages_64x3_nn
892,209.55,142.83,0.45779,ampere_bf16_s16816gemm_bf16_256x128_ldg8_f2f_stages_64x3_nn
896,209.4,143.58,0.46019,ampere_bf16_s16816gemm_bf16_256x128_ldg8_f2f_stages_64x3_nn
900,207.87,145.28,0.46564,ampere_bf16_s16816gemm_bf16_256x128_ldg8_f2f_stages_64x3_nn
904,208.59,145.42,0.46609,ampere_bf16_s16816gemm_bf16_256x128_ldg8_f2f_stages_64x3_nn
908,208.29,146.27,0.46881,ampere_bf16_s16816gemm_bf16_256x128_ldg8_f2f_stages_64x3_nn
912,208.12,147.04,0.47128,ampere_bf16_s16816gemm_bf16_256x128_ldg8_f2f_stages_64x3_nn
916,208.12,147.68,0.47333,ampere_bf16_s16816gemm_bf16_256x128_ldg8_f2f_stages_64x3_nn
920,208.14,148.31,0.47535,ampere_bf16_s16816gemm_bf16_256x128_ldg8_f2f_stages_64x3_nn
924,208.18,148.93,0.47734,ampere_bf16_s16816gemm_bf16_256x128_ldg8_f2f_stages_64x3_nn
928,208.17,149.58,0.47942,ampere_bf16_s16816gemm_bf16_256x128_ldg8_f2f_stages_64x3_nn
932,208.13,150.26,0.4816,ampere_bf16_s16816gemm_bf16_256x128_ldg8_f2f_stages_64x3_nn
936,208.5,150.63,0.48279,ampere_bf16_s16816gemm_bf16_256x128_ldg8_f2f_stages_64x3_nn
940,208.94,150.96,0.48385,ampere_bf16_s16816gemm_bf16_256x128_ldg8_f2f_stages_64x3_nn
944,208.53,151.9,0.48686,ampere_bf16_s16816gemm_bf16_256x128_ldg8_f2f_stages_64x3_nn
948,208.63,152.47,0.48869,ampere_bf16_s16816gemm_bf16_256x128_ldg8_f2f_stages_64x3_nn
952,208.46,153.24,0.49115,ampere_bf16_s16816gemm_bf16_256x128_ldg8_f2f_stages_64x3_nn
956,209.11,153.4,0.49167,ampere_bf16_s16816gemm_bf16_256x128_ldg8_f2f_stages_64x3_nn
960,208.92,154.18,0.49417,ampere_bf16_s16816gemm_bf16_256x128_ldg8_f2f_stages_64x3_nn
964,208.87,154.86,0.49635,ampere_bf16_s16816gemm_bf16_256x128_ldg8_f2f_stages_64x3_nn
968,209.11,155.33,0.49785,ampere_bf16_s16816gemm_bf16_256x128_ldg8_f2f_stages_64x3_nn
972,209.16,155.93,0.49978,ampere_bf16_s16816gemm_bf16_256x128_ldg8_f2f_stages_64x3_nn
976,209.27,156.49,0.50157,ampere_bf16_s16816gemm_bf16_256x128_ldg8_f2f_stages_64x3_nn
980,209.24,157.16,0.50372,ampere_bf16_s16816gemm_bf16_256x128_ldg8_f2f_stages_64x3_nn
984,209.46,157.63,0.50522,ampere_bf16_s16816gemm_bf16_256x128_ldg8_f2f_stages_64x3_nn
988,209.24,158.44,0.50782,ampere_bf16_s16816gemm_bf16_256x128_ldg8_f2f_stages_64x3_nn
992,209.68,158.75,0.50881,ampere_bf16_s16816gemm_bf16_256x128_ldg8_f2f_stages_64x3_nn
996,209.69,159.38,0.51083,ampere_bf16_s16816gemm_bf16_256x128_ldg8_f2f_stages_64x3_nn
1000,209.1,160.47,0.51433,ampere_bf16_s16816gemm_bf16_256x128_ldg8_f2f_stages_64x3_nn
1004,209.98,160.44,0.51423,ampere_bf16_s16816gemm_bf16_256x128_ldg8_f2f_stages_64x3_nn
1008,210.11,160.98,0.51596,ampere_bf16_s16816gemm_bf16_256x128_ldg8_f2f_stages_64x3_nn
1012,209.27,162.26,0.52006,ampere_bf16_s16816gemm_bf16_256x128_ldg8_f2f_stages_64x3_nn
1016,209.57,162.67,0.52138,ampere_bf16_s16816gemm_bf16_256x128_ldg8_f2f_stages_64x3_nn
1020,209.63,163.27,0.5233,ampere_bf16_s16816gemm_bf16_256x128_ldg8_f2f_stages_64x3_nn
1024,210.13,163.52,0.5241,ampere_bf16_s16816gemm_bf16_256x128_ldg8_f2f_stages_64x3_nn
1028,210.07,164.2,0.52628,ampere_bf16_s16816gemm_bf16_256x128_ldg8_f2f_stages_64x3_nn
1032,209.79,165.06,0.52904,ampere_bf16_s16816gemm_bf16_256x128_ldg8_f2f_stages_64x3_nn
1036,209.48,165.95,0.53189,ampere_bf16_s16816gemm_bf16_256x128_ldg8_f2f_stages_64x3_nn
1040,209.75,166.37,0.53324,ampere_bf16_s16816gemm_bf16_256x128_ldg8_f2f_stages_64x3_nn
1044,209.93,166.87,0.53484,ampere_bf16_s16816gemm_bf16_256x128_ldg8_f2f_stages_64x3_nn
1048,209.63,167.75,0.53766,ampere_bf16_s16816gemm_bf16_256x128_ldg8_f2f_stages_64x3_nn
1052,209.81,168.24,0.53923,ampere_bf16_s16816gemm_bf16_256x128_ldg8_f2f_stages_64x3_nn
1056,209.67,169.0,0.54167,ampere_bf16_s16816gemm_bf16_256x128_ldg8_f2f_stages_64x3_nn
1060,209.78,169.55,0.54343,ampere_bf16_s16816gemm_bf16_256x128_ldg8_f2f_stages_64x3_nn
1064,209.83,170.15,0.54535,ampere_bf16_s16816gemm_bf16_256x128_ldg8_f2f_stages_64x3_nn
1068,209.7,170.89,0.54772,ampere_bf16_s16816gemm_bf16_256x128_ldg8_f2f_stages_64x3_nn
1072,209.74,171.5,0.54968,ampere_bf16_s16816gemm_bf16_256x128_ldg8_f2f_stages_64x3_nn
1076,209.72,172.16,0.55179,ampere_bf16_s16816gemm_bf16_256x128_ldg8_f2f_stages_64x3_nn
1080,209.55,172.94,0.55429,ampere_bf16_s16816gemm_bf16_256x128_ldg8_f2f_stages_64x3_nn
1084,210.0,173.2,0.55513,ampere_bf16_s16816gemm_bf16_256x128_ldg8_f2f_stages_64x3_nn
1088,209.68,174.11,0.55804,ampere_bf16_s16816gemm_bf16_256x128_ldg8_f2f_stages_64x3_nn
1092,209.59,174.82,0.56032,ampere_bf16_s16816gemm_bf16_256x128_ldg8_f2f_stages_64x3_nn
1096,209.19,175.8,0.56346,ampere_bf16_s16816gemm_bf16_256x128_ldg8_f2f_stages_64x3_nn
1100,209.43,176.24,0.56487,ampere_bf16_s16816gemm_bf16_256x128_ldg8_f2f_stages_64x3_nn
1104,209.68,176.67,0.56625,ampere_bf16_s16816gemm_bf16_256x128_ldg8_f2f_stages_64x3_nn
1108,209.47,177.49,0.56888,ampere_bf16_s16816gemm_bf16_256x128_ldg8_f2f_stages_64x3_nn
1112,209.81,177.84,0.57,ampere_bf16_s16816gemm_bf16_256x128_ldg8_f2f_stages_64x3_nn
1116,209.73,178.55,0.57228,ampere_bf16_s16816gemm_bf16_256x128_ldg8_f2f_stages_64x3_nn
1120,210.0,178.96,0.57359,ampere_bf16_s16816gemm_bf16_256x128_ldg8_f2f_stages_64x3_nn
1124,209.9,179.68,0.5759,ampere_bf16_s16816gemm_bf16_256x128_ldg8_f2f_stages_64x3_nn
1128,209.76,180.44,0.57833,ampere_bf16_s16816gemm_bf16_256x128_ldg8_f2f_stages_64x3_nn
1132,210.01,180.87,0.57971,ampere_bf16_s16816gemm_bf16_256x128_ldg8_f2f_stages_64x3_nn
1136,209.85,181.64,0.58218,ampere_bf16_s16816gemm_bf16_256x128_ldg8_f2f_stages_64x3_nn
1140,209.8,182.33,0.58439,ampere_bf16_s16816gemm_bf16_256x128_ldg8_f2f_stages_64x3_nn
1144,210.1,182.7,0.58558,ampere_bf16_s16816gemm_bf16_256x128_ldg8_f2f_stages_64x3_nn
1148,209.85,183.56,0.58833,ampere_bf16_s16816gemm_bf16_256x128_ldg8_f2f_stages_64x3_nn
1152,209.38,184.62,0.59173,ampere_bf16_s16816gemm_bf16_256x128_ldg8_f2f_stages_64x3_nn
1156,210.02,184.69,0.59196,ampere_bf16_s16816gemm_bf16_256x128_ldg8_f2f_stages_64x3_nn
1160,209.54,185.76,0.59538,ampere_bf16_s16816gemm_bf16_256x128_ldg8_f2f_stages_64x3_nn
1164,209.97,186.01,0.59619,ampere_bf16_s16816gemm_bf16_256x128_ldg8_f2f_stages_64x3_nn
1168,209.65,186.94,0.59917,ampere_bf16_s16816gemm_bf16_256x128_ldg8_f2f_stages_64x3_nn
1172,209.9,187.35,0.60048,ampere_bf16_s16816gemm_bf16_256x128_ldg8_f2f_stages_64x3_nn
1176,209.93,187.97,0.60247,ampere_bf16_s16816gemm_bf16_256x128_ldg8_f2f_stages_64x3_nn
1180,209.64,188.87,0.60535,ampere_bf16_s16816gemm_bf16_256x128_ldg8_f2f_stages_64x3_nn
1184,209.7,189.45,0.60721,ampere_bf16_s16816gemm_bf16_256x128_ldg8_f2f_stages_64x3_nn
1188,210.0,189.82,0.6084,ampere_bf16_s16816gemm_bf16_256x128_ldg8_f2f_stages_64x3_nn
1192,209.81,190.63,0.61099,ampere_bf16_s16816gemm_bf16_256x128_ldg8_f2f_stages_64x3_nn
1196,209.89,191.2,0.61282,ampere_bf16_s16816gemm_bf16_256x128_ldg8_f2f_stages_64x3_nn
1200,209.77,191.95,0.61522,ampere_bf16_s16816gemm_bf16_256x128_ldg8_f2f_stages_64x3_nn
1204,210.11,192.28,0.61628,ampere_bf16_s16816gemm_bf16_256x128_ldg8_f2f_stages_64x3_nn
1208,210.23,192.81,0.61798,ampere_bf16_s16816gemm_bf16_256x128_ldg8_f2f_stages_64x3_nn
1212,209.85,193.8,0.62115,ampere_bf16_s16816gemm_bf16_256x128_ldg8_f2f_stages_64x3_nn
1216,209.78,194.5,0.6234,ampere_bf16_s16816gemm_bf16_256x128_ldg8_f2f_stages_64x3_nn
1220,209.66,195.25,0.6258,ampere_bf16_s16816gemm_bf16_256x128_ldg8_f2f_stages_64x3_nn
1224,209.96,195.61,0.62696,ampere_bf16_s16816gemm_bf16_256x128_ldg8_f2f_stages_64x3_nn
1228,209.72,196.48,0.62974,ampere_bf16_s16816gemm_bf16_256x128_ldg8_f2f_stages_64x3_nn
1232,209.45,197.37,0.6326,ampere_bf16_s16816gemm_bf16_256x128_ldg8_f2f_stages_64x3_nn
1236,209.53,197.93,0.63439,ampere_bf16_s16816gemm_bf16_256x128_ldg8_f2f_stages_64x3_nn
1240,209.99,198.14,0.63506,ampere_bf16_s16816gemm_bf16_256x128_ldg8_f2f_stages_64x3_nn
1244,210.16,198.62,0.6366,ampere_bf16_s16816gemm_bf16_256x128_ldg8_f2f_stages_64x3_nn
1248,210.4,199.03,0.63792,ampere_bf16_s16816gemm_bf16_256x128_ldg8_f2f_stages_64x3_nn
1252,209.85,200.19,0.64163,ampere_bf16_s16816gemm_bf16_256x128_ldg8_f2f_stages_64x3_nn
1256,210.2,200.5,0.64263,ampere_bf16_s16816gemm_bf16_256x128_ldg8_f2f_stages_64x3_nn
1260,210.08,201.25,0.64503,ampere_bf16_s16816gemm_bf16_256x128_ldg8_f2f_stages_64x3_nn
1264,210.04,201.93,0.64721,ampere_bf16_s16816gemm_bf16_256x128_ldg8_f2f_stages_64x3_nn
1268,209.97,202.63,0.64946,ampere_bf16_s16816gemm_bf16_256x128_ldg8_f2f_stages_64x3_nn
1272,210.14,203.11,0.65099,ampere_bf16_s16816gemm_bf16_256x128_ldg8_f2f_stages_64x3_nn
1276,210.54,203.36,0.65179,ampere_bf16_s16816gemm_bf16_256x128_ldg8_f2f_stages_64x3_nn
1280,209.79,204.73,0.65619,ampere_bf16_s16816gemm_bf16_256x128_ldg8_f2f_stages_64x3_nn
1284,210.21,204.96,0.65692,ampere_bf16_s16816gemm_bf16_256x128_ldg8_f2f_stages_64x3_nn
1288,210.41,205.4,0.65833,ampere_bf16_s16816gemm_bf16_256x128_ldg8_f2f_stages_64x3_nn
1292,209.7,206.73,0.6626,ampere_bf16_s16816gemm_bf16_256x128_ldg8_f2f_stages_64x3_nn
1296,209.57,207.5,0.66506,ampere_bf16_s16816gemm_bf16_256x128_ldg8_f2f_stages_64x3_nn
1300,210.55,207.18,0.66404,ampere_bf16_s16816gemm_bf16_256x128_ldg8_f2f_stages_64x3_nn
1304,210.06,208.3,0.66763,ampere_bf16_s16816gemm_bf16_256x128_ldg8_f2f_stages_64x3_nn
1308,210.36,208.64,0.66872,ampere_bf16_s16816gemm_bf16_256x128_ldg8_f2f_stages_64x3_nn
1312,210.45,209.19,0.67048,ampere_bf16_s16816gemm_bf16_256x128_ldg8_f2f_stages_64x3_nn
1316,209.78,210.49,0.67465,ampere_bf16_s16816gemm_bf16_256x128_ldg8_f2f_stages_64x3_nn
1320,210.02,210.89,0.67593,ampere_bf16_s16816gemm_bf16_256x128_ldg8_f2f_stages_64x3_nn
1324,210.03,211.52,0.67795,ampere_bf16_s16816gemm_bf16_256x128_ldg8_f2f_stages_64x3_nn
1328,210.32,211.87,0.67907,ampere_bf16_s16816gemm_bf16_256x128_ldg8_f2f_stages_64x3_nn
1332,210.51,212.32,0.68051,ampere_bf16_s16816gemm_bf16_256x128_ldg8_f2f_stages_64x3_nn
1336,210.54,212.92,0.68244,ampere_bf16_s16816gemm_bf16_256x128_ldg8_f2f_stages_64x3_nn
1340,210.35,213.75,0.6851,ampere_bf16_s16816gemm_bf16_256x128_ldg8_f2f_stages_64x3_nn
1344,210.21,214.53,0.6876,ampere_bf16_s16816gemm_bf16_256x128_ldg8_f2f_stages_64x3_nn
1348,209.44,215.96,0.69218,ampere_bf16_s16816gemm_bf16_256x128_ldg8_f2f_stages_64x3_nn
1352,210.19,215.83,0.69176,ampere_bf16_s16816gemm_bf16_256x128_ldg8_f2f_stages_64x3_nn
1356,210.21,216.45,0.69375,ampere_bf16_s16816gemm_bf16_256x128_ldg8_f2f_stages_64x3_nn
1360,210.24,217.06,0.69571,ampere_bf16_s16816gemm_bf16_256x128_ldg8_f2f_stages_64x3_nn
1364,210.76,217.16,0.69603,ampere_bf16_s16816gemm_bf16_256x128_ldg8_f2f_stages_64x3_nn
1368,210.33,218.24,0.69949,ampere_bf16_s16816gemm_bf16_256x128_ldg8_f2f_stages_64x3_nn
1372,210.25,218.96,0.70179,ampere_bf16_s16816gemm_bf16_256x128_ldg8_f2f_stages_64x3_nn
1376,210.65,219.18,0.7025,ampere_bf16_s16816gemm_bf16_256x128_ldg8_f2f_stages_64x3_nn
1380,209.94,220.56,0.70692,ampere_bf16_s16816gemm_bf16_256x128_ldg8_f2f_stages_64x3_nn
1384,210.14,220.99,0.7083,ampere_bf16_s16816gemm_bf16_256x128_ldg8_f2f_stages_64x3_nn
1388,210.46,221.29,0.70926,ampere_bf16_s16816gemm_bf16_256x128_ldg8_f2f_stages_64x3_nn
1392,210.52,221.87,0.71112,ampere_bf16_s16816gemm_bf16_256x128_ldg8_f2f_stages_64x3_nn
1396,210.65,222.37,0.71272,ampere_bf16_s16816gemm_bf16_256x128_ldg8_f2f_stages_64x3_nn
1400,210.36,223.31,0.71574,ampere_bf16_s16816gemm_bf16_256x128_ldg8_f2f_stages_64x3_nn
1404,210.83,223.45,0.71619,ampere_bf16_s16816gemm_bf16_256x128_ldg8_f2f_stages_64x3_nn
1408,210.17,224.79,0.72048,ampere_bf16_s16816gemm_bf16_256x128_ldg8_f2f_stages_64x3_nn
1412,210.15,225.45,0.7226,ampere_bf16_s16816gemm_bf16_256x128_ldg8_f2f_stages_64x3_nn
1416,211.17,225.0,0.72115,ampere_bf16_s16816gemm_bf16_256x128_ldg8_f2f_stages_64x3_nn
1420,210.63,226.21,0.72503,ampere_bf16_s16816gemm_bf16_256x128_ldg8_f2f_stages_64x3_nn
1424,210.59,226.89,0.72721,ampere_bf16_s16816gemm_bf16_256x128_ldg8_f2f_stages_64x3_nn
1428,210.4,227.74,0.72994,ampere_bf16_s16816gemm_bf16_256x128_ldg8_f2f_stages_64x3_nn
1432,210.45,228.32,0.73179,ampere_bf16_s16816gemm_bf16_256x128_ldg8_f2f_stages_64x3_nn
1436,209.68,229.8,0.73654,ampere_bf16_s16816gemm_bf16_256x128_ldg8_f2f_stages_64x3_nn
1440,210.07,230.01,0.73721,ampere_bf16_s16816gemm_bf16_256x128_ldg8_f2f_stages_64x3_nn
1444,210.12,230.59,0.73907,ampere_bf16_s16816gemm_bf16_256x128_ldg8_f2f_stages_64x3_nn
1448,210.88,230.4,0.73846,ampere_bf16_s16816gemm_bf16_256x128_ldg8_f2f_stages_64x3_nn
1452,210.73,231.2,0.74103,ampere_bf16_s16816gemm_bf16_256x128_ldg8_f2f_stages_64x3_nn
1456,210.8,231.76,0.74282,ampere_bf16_s16816gemm_bf16_256x128_ldg8_f2f_stages_64x3_nn
1460,210.14,233.13,0.74721,ampere_bf16_s16816gemm_bf16_256x128_ldg8_f2f_stages_64x3_nn
1464,210.82,233.01,0.74683,ampere_bf16_s16816gemm_bf16_256x128_ldg8_f2f_stages_64x3_nn
1468,210.84,233.63,0.74881,ampere_bf16_s16816gemm_bf16_256x128_ldg8_f2f_stages_64x3_nn
1472,210.65,234.47,0.75151,ampere_bf16_s16816gemm_bf16_256x128_ldg8_f2f_stages_64x3_nn
1476,210.93,234.8,0.75256,ampere_bf16_s16816gemm_bf16_256x128_ldg8_f2f_stages_64x3_nn
1480,211.16,235.18,0.75378,ampere_bf16_s16816gemm_bf16_256x128_ldg8_f2f_stages_64x3_nn
1484,210.64,236.4,0.75769,ampere_bf16_s16816gemm_bf16_256x128_ldg8_f2f_stages_64x3_nn
1488,210.57,237.11,0.75997,ampere_bf16_s16816gemm_bf16_256x128_ldg8_f2f_stages_64x3_nn
1492,210.54,237.78,0.76212,ampere_bf16_s16816gemm_bf16_256x128_ldg8_f2f_stages_64x3_nn
1496,210.92,237.99,0.76279,ampere_bf16_s16816gemm_bf16_256x128_ldg8_f2f_stages_64x3_nn
1500,210.74,238.83,0.76548,ampere_bf16_s16816gemm_bf16_256x128_ldg8_f2f_stages_64x3_nn
1504,210.76,239.45,0.76747,ampere_bf16_s16816gemm_bf16_256x128_ldg8_f2f_stages_64x3_nn
1508,210.76,240.08,0.76949,ampere_bf16_s16816gemm_bf16_256x128_ldg8_f2f_stages_64x3_nn
1512,210.91,240.55,0.77099,ampere_bf16_s16816gemm_bf16_256x128_ldg8_f2f_stages_64x3_nn
1516,211.3,240.74,0.7716,ampere_bf16_s16816gemm_bf16_256x128_ldg8_f2f_stages_64x3_nn
1520,211.65,240.98,0.77237,ampere_bf16_s16816gemm_bf16_256x128_ldg8_f2f_stages_64x3_nn
1524,210.16,243.32,0.77987,ampere_bf16_s16816gemm_bf16_256x128_ldg8_f2f_stages_64x3_nn
1528,210.45,243.63,0.78087,ampere_bf16_s16816gemm_bf16_256x128_ldg8_f2f_stages_64x3_nn
1532,210.49,244.22,0.78276,ampere_bf16_s16816gemm_bf16_256x128_ldg8_f2f_stages_64x3_nn
1536,210.73,244.58,0.78391,ampere_bf16_s16816gemm_bf16_256x128_ldg8_f2f_stages_64x3_nn
1540,211.84,243.93,0.78183,ampere_bf16_s16816gemm_bf16_256x128_ldg8_f2f_stages_64x3_nn
1544,211.69,244.74,0.78442,ampere_bf16_s16816gemm_bf16_256x128_ldg8_f2f_stages_64x3_nn
1548,211.62,245.45,0.7867,ampere_bf16_s16816gemm_bf16_256x128_ldg8_f2f_stages_64x3_nn
1552,212.1,245.53,0.78696,ampere_bf16_s16816gemm_bf16_256x128_ldg8_f2f_stages_64x3_nn
1556,211.54,246.81,0.79106,ampere_bf16_s16816gemm_bf16_256x128_ldg8_f2f_stages_64x3_nn
1560,211.66,247.31,0.79266,ampere_bf16_s16816gemm_bf16_256x128_ldg8_f2f_stages_64x3_nn
1564,211.88,247.68,0.79385,ampere_bf16_s16816gemm_bf16_256x128_ldg8_f2f_stages_64x3_nn
1568,211.82,248.39,0.79612,ampere_bf16_s16816gemm_bf16_256x128_ldg8_f2f_stages_64x3_nn
1572,211.84,249.0,0.79808,ampere_bf16_s16816gemm_bf16_256x128_ldg8_f2f_stages_64x3_nn
1576,211.72,249.77,0.80054,ampere_bf16_s16816gemm_bf16_256x128_ldg8_f2f_stages_64x3_nn
1580,211.44,250.74,0.80365,ampere_bf16_s16816gemm_bf16_256x128_ldg8_f2f_stages_64x3_nn
1584,212.12,250.57,0.80311,ampere_bf16_s16816gemm_bf16_256x128_ldg8_f2f_stages_64x3_nn
1588,211.98,251.37,0.80567,ampere_bf16_s16816gemm_bf16_256x128_ldg8_f2f_stages_64x3_nn
1592,211.96,252.02,0.80776,ampere_bf16_s16816gemm_bf16_256x128_ldg8_f2f_stages_64x3_nn
1596,212.61,251.88,0.80731,ampere_bf16_s16816gemm_bf16_256x128_ldg8_f2f_stages_64x3_nn
1600,212.56,252.57,0.80952,ampere_bf16_s16816gemm_bf16_256x128_ldg8_f2f_stages_64x3_nn
1604,212.24,253.59,0.81279,ampere_bf16_s16816gemm_bf16_256x128_ldg8_f2f_stages_64x3_nn
1608,212.36,254.08,0.81436,ampere_bf16_s16816gemm_bf16_256x128_ldg8_f2f_stages_64x3_nn
1612,212.27,254.82,0.81673,ampere_bf16_s16816gemm_bf16_256x128_ldg8_f2f_stages_64x3_nn
1616,211.63,256.22,0.82122,ampere_bf16_s16816gemm_bf16_256x128_ldg8_f2f_stages_64x3_nn
1620,212.25,256.1,0.82083,ampere_bf16_s16816gemm_bf16_256x128_ldg8_f2f_stages_64x3_nn
1624,212.74,256.15,0.82099,ampere_bf16_s16816gemm_bf16_256x128_ldg8_f2f_stages_64x3_nn
1628,212.51,257.05,0.82388,ampere_bf16_s16816gemm_bf16_256x128_ldg8_f2f_stages_64x3_nn
1632,212.64,257.53,0.82542,ampere_bf16_s16816gemm_bf16_256x128_ldg8_f2f_stages_64x3_nn
1636,212.46,258.38,0.82814,ampere_bf16_s16816gemm_bf16_256x128_ldg8_f2f_stages_64x3_nn
1640,212.81,258.58,0.82878,ampere_bf16_s16816gemm_bf16_256x128_ldg8_f2f_stages_64x3_nn
1644,212.45,259.65,0.83221,ampere_bf16_s16816gemm_bf16_256x128_ldg8_f2f_stages_64x3_nn
1648,212.57,260.14,0.83378,ampere_bf16_s16816gemm_bf16_256x128_ldg8_f2f_stages_64x3_nn
1652,213.45,259.7,0.83237,ampere_bf16_s16816gemm_bf16_256x128_ldg8_f2f_stages_64x3_nn
1656,212.61,261.35,0.83766,ampere_bf16_s16816gemm_bf16_256x128_ldg8_f2f_stages_64x3_nn
1660,213.03,261.47,0.83804,ampere_bf16_s16816gemm_bf16_256x128_ldg8_f2f_stages_64x3_nn
1664,212.82,262.36,0.8409,ampere_bf16_s16816gemm_bf16_256x128_ldg8_f2f_stages_64x3_nn
1668,315.09,177.63,0.56933,ampere_bf16_s16816gemm_bf16_256x128_ldg8_f2f_stages_64x3_nn
1672,315.46,177.85,0.57003,ampere_bf16_s16816gemm_bf16_256x128_ldg8_f2f_stages_64x3_nn
1676,315.35,178.33,0.57157,ampere_bf16_s16816gemm_bf16_256x128_ldg8_f2f_stages_64x3_nn
1680,315.15,178.87,0.5733,ampere_bf16_s16816gemm_bf16_256x128_ldg8_f2f_stages_64x3_nn
1684,315.53,179.08,0.57397,ampere_bf16_s16816gemm_bf16_256x128_ldg8_f2f_stages_64x3_nn
1688,315.89,179.3,0.57468,ampere_bf16_s16816gemm_bf16_256x128_ldg8_f2f_stages_64x3_nn
1692,315.52,179.94,0.57673,ampere_bf16_s16816gemm_bf16_256x128_ldg8_f2f_stages_64x3_nn
1696,315.27,180.51,0.57856,ampere_bf16_s16816gemm_bf16_256x128_ldg8_f2f_stages_64x3_nn
1700,315.87,180.59,0.57881,ampere_bf16_s16816gemm_bf16_256x128_ldg8_f2f_stages_64x3_nn
1704,315.45,181.25,0.58093,ampere_bf16_s16816gemm_bf16_256x128_ldg8_f2f_stages_64x3_nn
1708,315.61,181.59,0.58202,ampere_bf16_s16816gemm_bf16_256x128_ldg8_f2f_stages_64x3_nn
1712,315.49,182.08,0.58359,ampere_bf16_s16816gemm_bf16_256x128_ldg8_f2f_stages_64x3_nn
1716,316.14,182.13,0.58375,ampere_bf16_s16816gemm_bf16_256x128_ldg8_f2f_stages_64x3_nn
1720,315.73,182.79,0.58587,ampere_bf16_s16816gemm_bf16_256x128_ldg8_f2f_stages_64x3_nn
1724,315.73,183.22,0.58724,ampere_bf16_s16816gemm_bf16_256x128_ldg8_f2f_stages_64x3_nn
1728,316.07,183.45,0.58798,ampere_bf16_s16816gemm_bf16_256x128_ldg8_f2f_stages_64x3_nn
1732,315.51,184.2,0.59038,ampere_bf16_s16816gemm_bf16_256x128_ldg8_f2f_stages_64x3_nn
1736,315.87,184.41,0.59106,ampere_bf16_s16816gemm_bf16_256x128_ldg8_f2f_stages_64x3_nn
1740,315.49,185.06,0.59314,ampere_bf16_s16816gemm_bf16_256x128_ldg8_f2f_stages_64x3_nn
1744,315.54,185.46,0.59442,ampere_bf16_s16816gemm_bf16_256x128_ldg8_f2f_stages_64x3_nn
1748,316.16,185.52,0.59462,ampere_bf16_s16816gemm_bf16_256x128_ldg8_f2f_stages_64x3_nn
1752,315.73,186.2,0.59679,ampere_bf16_s16816gemm_bf16_256x128_ldg8_f2f_stages_64x3_nn
1756,315.86,186.54,0.59788,ampere_bf16_s16816gemm_bf16_256x128_ldg8_f2f_stages_64x3_nn
1760,315.68,187.07,0.59958,ampere_bf16_s16816gemm_bf16_256x128_ldg8_f2f_stages_64x3_nn
1764,315.99,187.32,0.60038,ampere_bf16_s16816gemm_bf16_256x128_ldg8_f2f_stages_64x3_nn
1768,316.17,187.63,0.60138,ampere_bf16_s16816gemm_bf16_256x128_ldg8_f2f_stages_64x3_nn
1772,316.14,188.08,0.60282,ampere_bf16_s16816gemm_bf16_256x128_ldg8_f2f_stages_64x3_nn
1776,316.18,188.48,0.6041,ampere_bf16_s16816gemm_bf16_256x128_ldg8_f2f_stages_64x3_nn
1780,316.21,188.88,0.60538,ampere_bf16_s16816gemm_bf16_256x128_ldg8_f2f_stages_64x3_nn
1784,315.93,189.48,0.60731,ampere_bf16_s16816gemm_bf16_256x128_ldg8_f2f_stages_64x3_nn
1788,317.07,189.22,0.60647,ampere_bf16_s16816gemm_bf16_256x128_ldg8_f2f_stages_64x3_nn
1792,316.3,190.1,0.60929,ampere_bf16_s16816gemm_bf16_256x128_ldg8_f2f_stages_64x3_nn
1796,315.31,191.13,0.6126,ampere_bf16_s16816gemm_bf16_256x128_ldg8_f2f_stages_64x3_nn
1800,315.75,191.28,0.61308,ampere_bf16_s16816gemm_bf16_256x128_ldg8_f2f_stages_64x3_nn
1804,315.73,191.72,0.61449,ampere_bf16_s16816gemm_bf16_256x128_ldg8_f2f_stages_64x3_nn
1808,316.44,191.72,0.61449,ampere_bf16_s16816gemm_bf16_256x128_ldg8_f2f_stages_64x3_nn
1812,316.67,192.0,0.61538,ampere_bf16_s16816gemm_bf16_256x128_ldg8_f2f_stages_64x3_nn
1816,316.37,192.61,0.61734,ampere_bf16_s16816gemm_bf16_256x128_ldg8_f2f_stages_64x3_nn
1820,316.53,192.93,0.61837,ampere_bf16_s16816gemm_bf16_256x128_ldg8_f2f_stages_64x3_nn
1824,316.3,193.5,0.62019,ampere_bf16_s16816gemm_bf16_256x128_ldg8_f2f_stages_64x3_nn
1828,316.29,193.93,0.62157,ampere_bf16_s16816gemm_bf16_256x128_ldg8_f2f_stages_64x3_nn
1832,315.69,194.72,0.6241,ampere_bf16_s16816gemm_bf16_256x128_ldg8_f2f_stages_64x3_nn
1836,315.67,195.16,0.62551,ampere_bf16_s16816gemm_bf16_256x128_ldg8_f2f_stages_64x3_nn
1840,316.48,195.08,0.62526,ampere_bf16_s16816gemm_bf16_256x128_ldg8_f2f_stages_64x3_nn
1844,315.65,196.02,0.62827,ampere_bf16_s16816gemm_bf16_256x128_ldg8_f2f_stages_64x3_nn
1848,316.78,195.75,0.6274,ampere_bf16_s16816gemm_bf16_256x128_ldg8_f2f_stages_64x3_nn
1852,315.98,196.67,0.63035,ampere_bf16_s16816gemm_bf16_256x128_ldg8_f2f_stages_64x3_nn
1856,316.26,196.92,0.63115,ampere_bf16_s16816gemm_bf16_256x128_ldg8_f2f_stages_64x3_nn
1860,316.24,197.35,0.63253,ampere_bf16_s16816gemm_bf16_256x128_ldg8_f2f_stages_64x3_nn
1864,316.46,197.64,0.63346,ampere_bf16_s16816gemm_bf16_256x128_ldg8_f2f_stages_64x3_nn
1868,316.63,197.96,0.63449,ampere_bf16_s16816gemm_bf16_256x128_ldg8_f2f_stages_64x3_nn
1872,315.73,198.95,0.63766,ampere_bf16_s16816gemm_bf16_256x128_ldg8_f2f_stages_64x3_nn
1876,316.41,198.94,0.63763,ampere_bf16_s16816gemm_bf16_256x128_ldg8_f2f_stages_64x3_nn
1880,316.75,199.15,0.6383,ampere_bf16_s16816gemm_bf16_256x128_ldg8_f2f_stages_64x3_nn
1884,316.91,199.48,0.63936,ampere_bf16_s16816gemm_bf16_256x128_ldg8_f2f_stages_64x3_nn
1888,316.6,200.1,0.64135,ampere_bf16_s16816gemm_bf16_256x128_ldg8_f2f_stages_64x3_nn
1892,316.61,200.51,0.64266,ampere_bf16_s16816gemm_bf16_256x128_ldg8_f2f_stages_64x3_nn
1896,316.7,200.88,0.64385,ampere_bf16_s16816gemm_bf16_256x128_ldg8_f2f_stages_64x3_nn
1900,317.36,200.89,0.64388,ampere_bf16_s16816gemm_bf16_256x128_ldg8_f2f_stages_64x3_nn
1904,316.3,201.98,0.64737,ampere_bf16_s16816gemm_bf16_256x128_ldg8_f2f_stages_64x3_nn
1908,316.22,202.46,0.64891,ampere_bf16_s16816gemm_bf16_256x128_ldg8_f2f_stages_64x3_nn
1912,316.79,202.52,0.6491,ampere_bf16_s16816gemm_bf16_256x128_ldg8_f2f_stages_64x3_nn
1916,316.54,203.1,0.65096,ampere_bf16_s16816gemm_bf16_256x128_ldg8_f2f_stages_64x3_nn
1920,316.51,203.55,0.6524,ampere_bf16_s16816gemm_bf16_256x128_ldg8_f2f_stages_64x3_nn
1924,313.62,205.85,0.65978,ampere_bf16_s16816gemm_bf16_256x128_ldg8_f2f_stages_64x3_nn
1928,313.8,206.16,0.66077,ampere_bf16_s16816gemm_bf16_256x128_ldg8_f2f_stages_64x3_nn
1932,314.24,206.3,0.66122,ampere_bf16_s16816gemm_bf16_256x128_ldg8_f2f_stages_64x3_nn
1936,314.07,206.84,0.66295,ampere_bf16_s16816gemm_bf16_256x128_ldg8_f2f_stages_64x3_nn
1940,314.71,206.84,0.66295,ampere_bf16_s16816gemm_bf16_256x128_ldg8_f2f_stages_64x3_nn
1944,314.27,207.56,0.66526,ampere_bf16_s16816gemm_bf16_256x128_ldg8_f2f_stages_64x3_nn
1948,314.55,207.8,0.66603,ampere_bf16_s16816gemm_bf16_256x128_ldg8_f2f_stages_64x3_nn
1952,314.28,208.41,0.66798,ampere_bf16_s16816gemm_bf16_256x128_ldg8_f2f_stages_64x3_nn
1956,314.72,208.54,0.6684,ampere_bf16_s16816gemm_bf16_256x128_ldg8_f2f_stages_64x3_nn
1960,313.72,209.63,0.67189,ampere_bf16_s16816gemm_bf16_256x128_ldg8_f2f_stages_64x3_nn
1964,314.89,209.28,0.67077,ampere_bf16_s16816gemm_bf16_256x128_ldg8_f2f_stages_64x3_nn
1968,314.51,209.96,0.67295,ampere_bf16_s16816gemm_bf16_256x128_ldg8_f2f_stages_64x3_nn
1972,314.92,210.11,0.67343,ampere_bf16_s16816gemm_bf16_256x128_ldg8_f2f_stages_64x3_nn
1976,314.47,210.84,0.67577,ampere_bf16_s16816gemm_bf16_256x128_ldg8_f2f_stages_64x3_nn
1980,314.74,211.09,0.67657,ampere_bf16_s16816gemm_bf16_256x128_ldg8_f2f_stages_64x3_nn
1984,314.62,211.59,0.67817,ampere_bf16_s16816gemm_bf16_256x128_ldg8_f2f_stages_64x3_nn
1988,315.2,211.63,0.6783,ampere_bf16_s16816gemm_bf16_256x128_ldg8_f2f_stages_64x3_nn
1992,315.06,212.15,0.67997,ampere_bf16_s16816gemm_bf16_256x128_ldg8_f2f_stages_64x3_nn
1996,314.75,212.79,0.68202,ampere_bf16_s16816gemm_bf16_256x128_ldg8_f2f_stages_64x3_nn
2000,315.34,212.81,0.68208,ampere_bf16_s16816gemm_bf16_256x128_ldg8_f2f_stages_64x3_nn
2004,315.16,213.36,0.68385,ampere_bf16_s16816gemm_bf16_256x128_ldg8_f2f_stages_64x3_nn
2008,315.42,213.61,0.68465,ampere_bf16_s16816gemm_bf16_256x128_ldg8_f2f_stages_64x3_nn
2012,315.04,214.3,0.68686,ampere_bf16_s16816gemm_bf16_256x128_ldg8_f2f_stages_64x3_nn
2016,315.35,214.51,0.68753,ampere_bf16_s16816gemm_bf16_256x128_ldg8_f2f_stages_64x3_nn
2020,314.91,215.24,0.68987,ampere_bf16_s16816gemm_bf16_256x128_ldg8_f2f_stages_64x3_nn
2024,314.75,215.77,0.69157,ampere_bf16_s16816gemm_bf16_256x128_ldg8_f2f_stages_64x3_nn
2028,315.34,215.79,0.69163,ampere_bf16_s16816gemm_bf16_256x128_ldg8_f2f_stages_64x3_nn
2032,314.77,216.61,0.69426,ampere_bf16_s16816gemm_bf16_256x128_ldg8_f2f_stages_64x3_nn
2036,315.2,216.74,0.69468,ampere_bf16_s16816gemm_bf16_256x128_ldg8_f2f_stages_64x3_nn
2040,315.68,216.84,0.695,ampere_bf16_s16816gemm_bf16_256x128_ldg8_f2f_stages_64x3_nn
2044,315.67,217.27,0.69638,ampere_bf16_s16816gemm_bf16_256x128_ldg8_f2f_stages_64x3_nn
2048,315.78,217.62,0.6975,ampere_bf16_s16816gemm_bf16_256x128_ldg8_f2f_stages_64x3_nn
